"state_id","state","year","ciertas_afecciones_originadas_en_el_periodo_perinatal_p00_p96","ciertas_enfermedades_infecciosas_y_parasitarias_a00_b99","embarazo_parto_y_puerperio_o00_o99","enfermedades_de_la_piel_y_del_tejido_subcutaneo_l00_l99","enfermedades_de_la_sangre_y_de_los_organos_hematopoyeticos_y_ciertos_trastornos_que_afectan_el_mecanismo_de_la_inmunidad_d50_d89","enfermedades_del_ojo_y_sus_anexos_h00_h59","enfermedades_del_sistema_circulatorio_i00_i99","enfermedades_del_sistema_digestivo_k00_k93","enfermedades_del_sistema_genitourinario_n00_n99","enfermedades_del_sistema_nervioso_g00_g99","enfermedades_del_sistema_osteomuscular_y_del_tejido_conjuntivo_m00_m99","enfermedades_del_sistema_respiratorio_j00_j99","enfermedades_endocrinas_nutricionales_y_metabolicas_e00_e90","malformaciones_congenitas_deformidades_y_anomalias_cromosomicas_q00_q99","sintomas_signos_y_hallazgos_anormales_clinicos_y_de_laboratorio_no_clasificados_en_otra_parte_r00_r99","trastornos_mentales_y_del_comportamiento_f00_f99","tumores_neoplasias_c00_d48"
1,"Aguascalientes",2012,0.6266666666666667,0.07865818392134181,4.902120984345893e-4,0.005990783410138249,0.08374384236453201,8.107012565869477e-4,0.5609195402298851,0.04597701149425287,0.01753260637160573,0.0685504971219257,0.012666521074470409,0.02299442701259776,0.2874289324068225,0.24324324324324326,0.005986086393787413,0.008870292887029289,1.110512129380054
2,"Baja California",2012,0.8418230563002681,0.2564023449552607,0.002517985611510791,0.012858555885262116,0.08241082410824108,0,0.9678643724696356,0.06779661016949153,0.043973615830501696,0.11142511102139685,0.015167602002123465,0.04940107725701423,0.32259600126943827,1.0675105485232068,0.0102280348759222,0.023905996758508914,1.462137296532201
3,"Baja California Sur",2012,0.24907063197026022,0.06728232189973615,5.94883997620464e-4,0.00603448275862069,0.0371900826446281,0,0.8037904124860646,0.022808492747529954,0.012521343198634035,0.03608247422680412,0.004795615437314455,0.011563340775087298,0.1793600721045516,0.44047619047619047,0.0016390755613833797,0.014370245139475908,1.1833333333333333
4,"Campeche",2012,0.8287292817679558,0.05502116198537899,4.422169811320755e-4,0.005288461538461539,0.08550185873605948,0,1.0827067669172932,0.05446764362598885,0.021352313167259787,0.05456570155902005,0.012286959968291716,0.01868968329482126,0.23366336633663368,2.25,0.020871597929537484,0.010810810810810811,0.9978768577494692
5,"Coahuila de Zaragoza",2012,0.5712418300653594,0.2182410423452769,9.069043018808407e-4,0.015191199580932426,0.158,0,2.533672172808132,0.1179122420356642,0.05094802012124339,0.2606324972737186,0.038249356381022434,0.06616100931210574,0.6171837708830549,0.44221105527638194,0.06293121471879573,0.030181086519114688,1.4597615499254843
6,"Colima",2012,0.275,0.09787928221859707,0.0020060180541624875,0.008534850640113799,0.08098591549295775,0,0.9482163406214039,0.058035034272658034,0.027135678391959798,0.07894736842105263,0.012412081092263137,0.026246973365617432,0.20176266918476551,0.379746835443038,0.01082753286929621,0.017897091722595078,1.4773333333333334
7,"Chiapas",2012,0.5591200733272227,0.10806063967461638,0.0019366943049083096,0.006470696986503975,0.17639429312581065,2.28675966155957e-4,1.3925461511668409,0.09020464931452414,0.046798029556650245,0.17041800643086816,0.022118380062305296,0.03814254765083047,0.30453230472516873,0.8480725623582767,0.12576190108787902,0.051718385051718385,1.0634071810542398
8,"Chihuahua",2012,12.552631578947368,1.953623188405797,0.006643220007815553,0.11276948590381426,0.9696969696969697,0.002242152466367713,6.32258064516129,0.5383430859254696,0.2614657210401891,0.8620689655172413,0.11845286059629331,0.42813112916783413,3.240740740740741,7.133333333333334,0.20595533498759305,0.3695652173913043,5.795258620689655
9,"Ciudad de México",2012,0.5272108843537415,0.15937449359909253,9.315718157181572e-4,0.020143101571006378,0.21968962172647916,8.173273395995096e-5,1.4882644628099173,0.12511244647547767,0.05085364370006894,0.1164255716285581,0.03178086338012183,0.06368330464716007,0.518718218481501,1.1010928961748634,0.009160262835505067,0.026192946058091287,2.6514886164623466
10,"Durango",2012,1.643835616438356,0.057803468208092484,7.473841554559044e-4,0.008617938078518992,0.12536443148688048,5.59753708368318e-4,1.180031864046734,0.04914609590573495,0.02446927374301676,0.03861330326944758,0.010876954452753228,0.02280141597834386,0.3125,1.6142857142857143,0.40186915887850466,0.01810477657935285,2.9904458598726116
11,"Guanajuato",2012,0.30348886086591004,0.06802288620470438,9.734673548854478e-4,0.009474851325471222,0.08053382420616659,1.2845215157353886e-4,0.9223167718912983,0.05375485768301649,0.025926142681570785,0.06695756846223293,0.014124659841907477,0.022184177883481808,0.27916688147651697,0.6748299319727891,0.013325257419745608,0.030385041210480995,0.8792594580091226
12,"Guerrero",2012,0.47752808988764045,0.111601766358892,0.002452120238447554,0.009040333796940195,0.12875536480686695,3.620564808110065e-4,1.364235983876878,0.08149459442372131,0.049670455630910305,0.10397253555664542,0.03004718152470822,0.04440556527534783,0.3909847434119279,0.7711267605633803,0.03439351631138051,0.03883029721955897,1.6093888396811338
13,"Hidalgo",2012,0.5597920277296361,0.19454163750874737,8.652220081016242e-4,0.013071895424836602,0.1366982124079916,6.920415224913495e-4,1.152980132450331,0.09852921149393981,0.04523946912867859,0.09053916581892167,0.024102079395085067,0.06597355923501476,0.34273451870018395,0.9090909090909091,0.01622453813358598,0.052782558806655194,0.9667673716012085
14,"Jalisco",2012,0.4847262247838617,0.11092303096684257,7.808745795290726e-4,0.012324135674555568,0.17787839586028462,1.7409470752089137e-4,1.3469444444444445,0.08723906173498909,0.04957074721780604,0.12036434612882238,0.02277983348751156,0.04625334670177719,0.5862962962962963,1.2697022767075306,0.005393900992672743,0.02521902890362728,2.5642181162685893
15,"Estado de México",2012,0.5265595205666032,0.10463161112809538,7.810714013563972e-4,0.010017794767020366,0.12836927223719677,8.500510030601836e-5,1.2401147673271766,0.08951082926330324,0.032792770294526215,0.07896122126688893,0.019345183779245902,0.039045356702495974,0.3911598434490899,0.8973105134474327,0.004637955513487932,0.03348477200067306,1.1889750215331611
16,"Michoacán de Ocampo",2012,0.6127562642369021,0.09653233364573571,0.001101539330603022,0.01252691329027207,0.16924328722538648,2.8169014084507044e-4,1.3576951858318782,0.07747436509978316,0.039018026565464894,0.09940036900369004,0.02472890769637662,0.05169690036498339,0.4375873776712602,0.43653250773993807,0.026760996616425715,0.04394403148229121,1.3503902862098873
17,"Morelos",2012,0.2992248062015504,0.08013836840588066,7.134233344309077e-4,0.007075471698113208,0.11733615221987315,0,0.9707652622527945,0.06234676007005254,0.0302537410540013,0.07028504490433425,0.014462809917355372,0.020738574832142084,0.26204611348888585,0.29563492063492064,0.011232083792723264,0.04219409282700422,1.2108157653528873
18,"Nayarit",2012,0.4427083333333333,0.11803640375068947,0.0026216137489076608,0.002534211860111505,0.08461538461538462,0,0.9695393759286776,0.05451470205568566,0.028359084686094268,0.08582089552238806,0.013362224629830263,0.037037037037037035,0.2799276672694394,1.042857142857143,0.02857796067672611,0.01728024042073629,1.7258771929824561
19,"Nuevo León",2012,1.2114803625377644,0.1778674899073854,0.0015810276679841897,0.02462447672986949,0.23227383863080683,1.9688915140775743e-4,3.908812729498164,0.14392618424876488,0.08208695652173913,0.21879255560599184,0.027088337336535897,0.07972021701116441,0.8250482625482626,2.731707317073171,0.02903825305869599,0.04579630895420369,6.4718909710391825
20,"Oaxaca",2012,0.2981510015408321,0.12745638200183654,0.0016059255374934452,0.008622875982754248,0.18778026905829595,0,1.546515106192043,0.13372200061368517,0.0438352252445206,0.14296606938619902,0.03673255203778206,0.047441127069550615,0.43996921498204206,0.8495575221238938,0.09326424870466321,0.12371134020618557,1.310163243812533
21,"Puebla",2012,0.8818493150684932,0.1004065541456203,0.0013022858031410357,0.015470895378070006,0.20448877805486285,0,1.3681959564541213,0.14768494922962325,0.072598121839634,0.1927629354075076,0.0376839499381103,0.05688609301280611,0.567623724971666,1.5358851674641147,0.0724997928577347,0.06531406336853808,1.3018592781625957
22,"Querétaro",2012,0.23616236162361623,0.1880952380952381,0.00023110700254217703,0.021141649048625793,0.07832422586520947,0,1.1760521636040309,0.10501002004008016,0.03819969742813918,0.10289172831203766,0.02899718082964156,0.04759904801903962,0.3241703813769193,0.5377358490566038,0.020657445661936412,0.0422976501305483,0.711352657004831
23,"Quintana Roo",2012,1.380952380952381,0.08969155844155845,0.0019076688286913392,0.005934718100890208,0.11857707509881422,0,1.4819277108433735,0.0725052758516732,0.023381967826412272,0.0962877030162413,0.01271725307333616,0.018711592902023063,0.2635542168674699,1.144927536231884,0.030115622479161063,0.03322528363047002,1.5335365853658536
24,"San Luis Potosí",2012,0.30994152046783624,0.16437177280550774,0.0032163333799468605,0.023862129916040652,0.185546875,0,1.814533622559653,0.11382268827454718,0.05309148682642659,0.14930182599355532,0.033785513181469155,0.06989247311827956,0.5865610328638498,1.7592592592592593,0.0841995841995842,0.09776536312849161,2.691729323308271
25,"Sinaloa",2012,0.5889724310776943,0.051909476661951906,0.001140436624307592,0.008136696501220505,0.09305210918114144,1.7442874585731728e-4,1.0517139479905437,0.03622169422489453,0.028451242829827916,0.09142475809142475,0.008598452278589854,0.025501860498186903,0.31158072696534234,0.8134715025906736,0.010924446892499771,0.022113022113022112,2.0509803921568626
26,"Sonora",2012,0.5553571428571429,0.13355732885342292,7.731749003011312e-4,0.008544303797468355,0.09686888454011741,1.559332605644784e-4,0.7309900817817993,0.04036360603786173,0.02533349651205483,0.08243451463790447,0.010406608732968566,0.027167717094366408,0.32521102086319476,0.9107142857142857,0.009535389735056956,0.02167954149015699,1.3063806380638063
27,"Tabasco",2012,0.5023640661938534,0.0656375664807368,3.949821468069643e-4,0.0016717748676511562,0.040513437625350986,0,0.8251837647810802,0.029375351716375914,0.013281578824299678,0.06606699751861042,0.008062418725617686,0.014932169623375392,0.16343215158924204,0.35949764521193095,0.006964644188618952,0.009094667217858619,0.5241057542768274
28,"Tamaulipas",2012,0.6680851063829787,0.1217292377701934,9.669479606188467e-4,0.012032085561497326,0.08850457782299084,0,1.511484956324814,0.07789473684210527,0.04611823361823362,0.08989523487664752,0.01257685858021241,0.03594681338835397,0.4035305475106882,1.5733333333333333,0.02568359375,0.020577933450087564,2.224526600541028
29,"Tlaxcala",2012,0.23674475955610358,0.03623473808586058,8.811486031203027e-4,0.008649687650168188,0.07836456558773425,0,0.5858425779186477,0.058885605740818914,0.026607538802660754,0.06074461136512083,0.0170582555519794,0.025966565174929627,0.2837708830548926,0.20650095602294455,0.025325004220834037,0.022342995169082124,0.4669527896995708
30,"Veracruz de Ignacio de la Llave",2012,0.5227053140096618,0.13751987281399047,0.0015206672503571264,0.011794057609435245,0.20780628839898807,1.3287270794578793e-4,1.7054459118563585,0.12494229881520234,0.05273649873142443,0.13340317792910775,0.027375734017037467,0.06048632747906912,0.5120784646122177,0.915929203539823,0.031639262580966616,0.05092305786147937,2.1788079470198674
31,"Yucatán",2012,1.856060606060606,0.40926275992438566,0.005780346820809248,0.06835443037974684,0.4697674418604651,0,5.264347826086957,0.435489009238611,0.17972001513431707,0.37056737588652483,0.07321131447587355,0.15146733985484379,1.2128874388254487,3.8125,0.1482213438735178,0.03911111111111111,7.267676767676767
32,"Zacatecas",2012,0.6067796610169491,0.039184326269492205,0.0016676593210244192,0.007502930832356389,0.09322033898305085,0,0.7054347826086956,0.0371442354076218,0.01458363715910748,0.0535264483627204,0.008475509080902586,0.022493500621679666,0.31973509933774835,0.2918287937743191,0.015586292320396367,0.01440460947503201,1.0283400809716599
1,"Aguascalientes",2013,0.5635593220338984,0.10356200527704486,2.791268910846871e-4,0.006366530241018645,0.06391752577319587,0,0.62751677852349,0.03936837551373567,0.02184592871328525,0.056790123456790124,0.01058970099667774,0.028207058406766152,0.32811968718123086,0.18664047151277013,0.006341045415595544,0.009446899283864087,1.1349095966620306
2,"Baja California",2013,0.6941747572815534,0.2530487804878049,0.0018977999578266675,0.006136224176723257,0.06967213114754098,0,0.8443288241415192,0.06372945939509407,0.03651526192211157,0.12150249137600613,0.014764565043894652,0.04391522106869216,0.31637843336724314,0.6819672131147541,0.008088761632068718,0.03058321479374111,1.2745633187772927
3,"Baja California Sur",2013,0.3269230769230769,0.05670407560543414,0.0015180265654648956,0.0014506769825918763,0.07511737089201878,0,0.9424280350438048,0.027237354085603113,0.017503646593040215,0.028005464480874317,0.005696530295183843,0.01432965189431008,0.1895551257253385,0.4605263157894737,0.004449768954304296,0.00897226753670473,1.202127659574468
4,"Campeche",2013,0.5522388059701493,0.0538149649834132,8.57859311072984e-4,0.005502063273727648,0.06920415224913495,0,1.1678403755868545,0.046435431024742964,0.02512127512127512,0.0641304347826087,0.009174311926605505,0.019301655385027813,0.22256836275527864,1.6176470588235294,0.024468444144448195,0.017747440273037544,1.008888888888889
5,"Coahuila de Zaragoza",2013,0.6809605488850772,0.23266563944530047,7.811667791073394e-4,0.023587493143170598,0.12607944732297063,0,2.5489596083231336,0.1792854378950084,0.06270891830458618,0.24010791366906475,0.055222088835534214,0.07277609473974112,0.574085554866708,0.5294117647058824,0.058175492848859686,0.045542014111610005,1.520392749244713
6,"Colima",2013,0.3157894736842105,0.1470888661899898,0.0011129660545353367,0.006907137375287797,0.14583333333333334,0,1.4554455445544554,0.06682533870377151,0.04641775983854692,0.091164095371669,0.01678240740740741,0.042017968210089844,0.26790660862683024,0.45714285714285713,0.016168544830965213,0.04506699147381242,1.744186046511628
7,"Chiapas",2013,0.44129235618597323,0.10294772464155312,0.0014172053704624564,0.006426006426006426,0.16368128474366894,0,1.369221025965801,0.0770344920506602,0.04429813010271267,0.15039768618944324,0.024545454545454544,0.04644984912181157,0.30465160796324653,0.8909090909090909,0.1392355996588883,0.06389157792836399,1.0557740436181624
8,"Chihuahua",2013,4.794117647058823,0.46153846153846156,0.0030672658534845565,0.05750798722044728,0.5204918032786885,0,4.54691259021652,0.389964605454924,0.1524436566219296,0.37279843444227007,0.05191786129407207,0.24495804504637125,2.1223021582733814,4.836734693877551,0.13471752776436505,0.21077654516640254,4.0814814814814815
9,"Ciudad de México",2013,0.4934831460674157,0.17606268011527376,8.472441666094204e-4,0.02023429179978701,0.20481927710843373,8.314625426124553e-5,1.3637882585251007,0.12205360025831449,0.049331783846600814,0.11169323375320477,0.031468282252316467,0.06602563444744322,0.486534717715769,1.134020618556701,0.003051451705489592,0.027135368485969782,2.3839285714285716
10,"Durango",2013,1.0675675675675675,0.0815347721822542,5.625879043600563e-4,0.010021922956467273,0.11926605504587157,0,1.1992658626114316,0.05005107252298264,0.026585312704292874,0.04174372523117569,0.013717188823031329,0.020694796481288205,0.3351898734177215,1.0943396226415094,0.2751937984496124,0.014948859166011016,2.4313725490196076
11,"Guanajuato",2013,0.2568108974358974,0.06803389414220803,8.385486971816583e-4,0.008062418725617686,0.08788282290279627,2.068466232288758e-4,0.9666043280790809,0.04933231729443356,0.023126758382159357,0.06707650273224043,0.01429267500406042,0.02151177841056174,0.27883377883377886,0.8530465949820788,0.009656885576773792,0.02478026051043101,0.8957620426428007
12,"Guerrero",2013,0.4408713692946058,0.1281427412814274,0.0017178850925749188,0.00801068090787717,0.1227390180878553,0,1.3062730627306274,0.08152012806071027,0.040766738660907124,0.10489157841654059,0.027640671273445213,0.048804150672797066,0.35673556664290806,0.9578544061302682,0.04044978916133063,0.05160390516039052,1.3558421851289832
13,"Hidalgo",2013,0.41833333333333333,0.11825636599050496,9.211495946941784e-4,0.013057671381936888,0.11604714415231188,0,1.1951612903225806,0.092109303039607,0.04409857328145266,0.09485458612975392,0.024395373291272344,0.06283393887582817,0.32754942397951925,0.8732394366197183,0.017258657165126378,0.04297082228116711,1.0224242424242425
14,"Jalisco",2013,0.4120343839541547,0.1313915857605178,5.685961854612427e-4,0.012141280353200883,0.1616871704745167,0,1.3561861822039518,0.09001298158375322,0.05146797009031172,0.13261359974218498,0.02913793103448276,0.05278172453600923,0.6051416674210193,1.1718494271685762,0.005455076294236059,0.029175784099197667,2.4469344608879493
15,"Estado de México",2013,0.3076923076923077,0.1018348623853211,7.016715928566107e-4,0.007278835386338186,0.11697755295605437,7.939028262940616e-5,1.1480986800754243,0.08908069663106578,0.03409270798854462,0.07532733869695536,0.018733942335141307,0.03815000548595917,0.37614004118858485,0.8634600465477114,0.004212245599707722,0.03513513513513514,1.2802370163820147
16,"Michoacán de Ocampo",2013,0.42383419689119173,0.08701829160007103,0.0010239421773829242,0.010907003444316877,0.13497822931785197,0,1.440096038415366,0.07631011204676735,0.03848181338956247,0.0932674490426189,0.020174000756525028,0.05606892781841372,0.41484869809992964,0.33202614379084966,0.024705152079453757,0.04403708386009271,1.1995201919232308
17,"Morelos",2013,0.24,0.08349407550289335,8.691333498882542e-4,0.006252695127210005,0.10071942446043165,0,0.8780581039755352,0.058823529411764705,0.026910011323519615,0.07423117709437964,0.015503875968992248,0.018607013412747883,0.2815595631191262,0.23738317757009345,0.008093039985612373,0.05326768128916741,1.052880820836622
18,"Nayarit",2013,0.3542600896860987,0.09780907668231612,0.002523977788995457,0.0075507314771118455,0.0883054892601432,8.764241893076249e-4,0.9224855861627163,0.05985458322513633,0.030837858805275408,0.0920951650038373,0.015195369030390739,0.040628022918371906,0.28337316490269715,0.8586956521739131,0.01657536170810507,0.021704180064308683,1.6348314606741574
19,"Nuevo León",2013,1.1556195965417868,0.163844199830652,6.697496412055494e-4,0.018627040602762664,0.24836601307189543,1.6353229762878168e-4,4.036227717078781,0.1307730923694779,0.08002861815208503,0.21042395954881368,0.022420989862850328,0.07649537840422141,0.8473609129814551,1.5514705882352942,0.017728497149658587,0.05121951219512195,5.795252225519288
20,"Oaxaca",2013,0.2120451693851945,0.12265696087352139,0.0011969064571568868,0.012206797510770704,0.22804801010739104,4.6882325363338024e-4,1.3664867643279364,0.12091703299760725,0.04412849574139897,0.12716574043805165,0.03514158990105766,0.048821442149283995,0.39804171988080034,0.5905172413793104,0.08490717029449424,0.12910097997443545,1.2256615077383923
21,"Puebla",2013,0.7830101569713758,0.09036007292616226,9.294415440594842e-4,0.01449516827724092,0.1957894736842105,0,1.2987508674531576,0.14604798074753703,0.06536259541984733,0.1672073134768505,0.03353470595487609,0.0501249908094993,0.552089564994445,1.6281407035175879,0.056165484000535545,0.08095238095238096,1.2608108108108107
22,"Querétaro",2013,24.5,14.823529411764707,0.023972602739726026,1.736842105263158,7.166666666666667,0,63.61764705882353,7.578616352201258,4.032967032967033,5.962962962962963,2.111111111111111,2.6441281138790034,23.885245901639344,81,0.9824561403508771,2.6363636363636362,64.70588235294117
23,"Quintana Roo",2013,0,6.666666666666667,0.1037037037037037,0.5454545454545454,5.75,0,452.5,7.96969696969697,3.230769230769231,29.333333333333332,1.3,1.7473684210526317,44,0,1.435483870967742,5.166666666666667,174
24,"San Luis Potosí",2013,0.19414316702819956,0.15391229578675839,0.002365832399452123,0.016156176371592057,0.15384615384615385,0,1.6274509803921569,0.09633587786259543,0.04911851625394884,0.12817412333736397,0.030223880597014925,0.06048084147257701,0.5311080835603996,1.0116959064327486,0.06028131279303416,0.07171514543630893,2.261557177615572
25,"Sinaloa",2013,26.181818181818183,4.079646017699115,0.08095238095238096,0.47560975609756095,1.2181818181818183,0,56.47826086956522,2.7346938775510203,2.1707317073170733,5.86,0.7631578947368421,1.589216944801027,18.88118811881188,77,0.5331991951710262,1.0333333333333334,150.35714285714286
26,"Sonora",2013,0.5164609053497943,0.13058201058201058,8.784889989218544e-4,0.007500797957229493,0.09510086455331412,0,0.7519393208067574,0.04642916736192224,0.02773575390821987,0.07748427672955975,0.011274080560420315,0.029421038589342453,0.3394066430183812,0.9209302325581395,0.012477271302276004,0.020682523267838676,1.3873672442705423
27,"Tabasco",2013,32.76923076923077,4.672727272727273,0.026854219948849106,0.22826086956521738,3.838709677419355,0,55.9,2.267716535433071,1.6407766990291262,6.878787878787879,0.813953488372093,1.227080394922426,13.748538011695906,85.33333333333333,1.1737089201877935,0.8309859154929577,50.285714285714285
28,"Tamaulipas",2013,0.62905317769131,0.14207275223061083,0.0014574112058728273,0.008961518186610437,0.09324452901998097,0,1.6759960487323016,0.07752929737475052,0.052325068384364244,0.11563636363636363,0.013439053890606102,0.039283252929014474,0.3824321017861512,1.6717557251908397,0.021760551814747908,0.025279734769995857,2.3253676470588234
29,"Tlaxcala",2013,0.21023513139695713,0.0519916142557652,4.2637862421830583e-4,0.007030827474310438,0.0627062706270627,0,0.720098643649815,0.06360462579096661,0.028170746709312338,0.06534653465346535,0.016404647983595352,0.027325186693822133,0.3010404624277457,0.2059447983014862,0.02249220160893121,0.029936305732484077,0.4928952042628774
30,"Veracruz de Ignacio de la Llave",2013,0.4493333333333333,0.14683845029239767,0.0012619993379675604,0.012021589793915604,0.20989563200618477,1.398992725237829e-4,1.6454545454545455,0.12650681170410272,0.06389527408734952,0.1366982124079916,0.02839812517231872,0.07503914562171277,0.5336886865904055,1.0581583198707594,0.048014181722174025,0.048458650892958706,2.0079037800687285
31,"Yucatán",2013,2.0588235294117645,0.512249443207127,0.007236842105263158,0.05970149253731343,0.4541832669322709,0,6.526838966202783,0.4568210262828536,0.19887278582930756,0.43109540636042404,0.08042895442359249,0.18307149727476754,1.156437125748503,4.947368421052632,0.13406593406593406,0.04383282364933741,8.16304347826087
32,"Zacatecas",2013,0.49174917491749176,0.03300064391500322,0.0020950635066125443,0.006216328222130129,0.08130081300813008,1.6398819285011479e-4,0.7153661051907872,0.032194861290466226,0.016497060868465963,0.0515375854214123,0.008929401916100827,0.01943310657596372,0.3330080507440839,0.23863636363636365,0.01001840114496013,0.01761433868974042,1.1235839340885685
1,"Aguascalientes",2014,0.5714285714285714,0.07447485677912158,2.577817877166978e-4,0.012172284644194757,0.06896551724137931,0,0.5764434180138568,0.0409365336474746,0.020905568019579848,0.06628516928946114,0.009376362843436545,0.027681818181818182,0.37408223201174745,0.21428571428571427,0.008507621410847217,0.008838541018299515,1.1096075778078485
2,"Baja California",2014,1.1379310344827587,0.22309095647641386,0.0025477707006369425,0.017083587553386213,0.06974552309142319,0,0.9764127764127765,0.07337390263367917,0.048016893132574366,0.1237559498052791,0.011431051946172768,0.06016888182059146,0.36528842947649215,1.0898876404494382,0.013007033432893342,0.03794266441821248,1.5805194805194804
3,"Baja California Sur",2014,0.30493273542600896,0.07752956636005257,0.0022988505747126436,0.0030864197530864196,0.08333333333333333,0,1.1587837837837838,0.028092029998728868,0.01686991869918699,0.036535859269282815,0.005802707930367505,0.016278871558851105,0.1903061224489796,0.6730769230769231,0.006015942246954429,0.010038610038610039,1.541528239202658
4,"Campeche",2014,0.38223938223938225,0.024066091954022987,2.7697762020828715e-4,0.004514672686230248,0.06074766355140187,0,1.0730932203389831,0.04168940303394085,0.020793169925640318,0.05413105413105413,0.00644765121277249,0.01832781659923992,0.188565145684442,0.6206896551724138,0.017288900025056377,0.01896551724137931,0.8996478873239436
5,"Coahuila de Zaragoza",2014,0.7293777134587555,0.21099887766554434,8.175095685779049e-4,0.03867129400099157,0.16666666666666666,0,3.1210636808957313,0.12681375472073148,0.07693472663940633,0.20745131244707873,0.040498442367601244,0.08717266489287215,0.6574768416409351,0.8380566801619433,0.08252048380803746,0.03997779011660189,1.5964368706429124
6,"Colima",2014,0.17204301075268819,0.0959349593495935,5.702879954376961e-4,0.012229016120066704,0.102880658436214,0,1.0606420927467302,0.046399406087602076,0.026963906581740978,0.06173913043478261,0.015222906850308082,0.024401838060529233,0.22265498214865304,0.2805755395683453,0.009769219878238708,0.023543990086741014,1.1270491803278688
7,"Chiapas",2014,0.5004142502071252,0.05825503355704698,0.001416457345747795,0.010299797682545521,0.1712253829321663,4.062563477554337e-4,1.720753350235422,0.07974159026395641,0.04633106668019892,0.16341463414634147,0.020229705037849127,0.04248937269079496,0.3043054571226081,0.8485576923076923,0.12630572813545435,0.07604690117252931,1.0263157894736843
8,"Chihuahua",2014,2.7771084337349397,0.32773938795656465,0.003252722387215387,0.05055906660184735,0.30339805825242716,0,3.7893687707641197,0.27253637318134094,0.11208100558659218,0.29239766081871343,0.03595132743362832,0.12881092169484332,1.6596218020022246,2.657142857142857,0.07609346914319952,0.13626834381551362,3.9245541838134432
9,"Ciudad de México",2014,0.40268456375838924,0.15343283582089554,7.176680011538976e-4,0.03370231967848833,0.20558263181214,1.6761649346295676e-4,1.4492630604213288,0.11083473792731022,0.051062639821029085,0.09832935560859188,0.02115215354476023,0.06782215523737754,0.47081372400182175,1.0426257459505541,0.004525793015059276,0.03301402668491276,2.3088811044714608
10,"Durango",2014,1.13215859030837,0.05063291139240506,0.0013293605317442126,0.009409969481180062,0.07115384615384615,2.675943270002676e-4,1.0402714932126698,0.043936949236688595,0.02577370882674893,0.04601571268237935,0.013774957436929268,0.022022219097173393,0.272243177279787,1.5,0.11175979983319433,0.012232415902140673,1.7989864864864864
11,"Guanajuato",2014,0.2768611670020121,0.04904250350303596,6.826177515621445e-4,0.008403986315632902,0.061932555123216604,0,0.9198640116561437,0.04442435591140957,0.021173227278890042,0.05667870036101083,0.00921536484869966,0.01848202320464953,0.2539049235993209,0.6464891041162227,0.006488064664377822,0.019897182025894897,0.650164378263392
12,"Guerrero",2014,0.49334945586457074,0.07586903216500793,0.0015238924567323392,0.009974424552429667,0.1281905842314237,6.482982171799027e-4,1.2395597280673356,0.05982334047109208,0.03942329353457986,0.10392506690454952,0.020714436694145,0.03869184707508061,0.3036503856041131,0.6996996996996997,0.036504036504036504,0.04890510948905109,1.3200883002207506
13,"Hidalgo",2014,0.591715976331361,0.06905660377358491,0.001411370352401535,0.01784197111299915,0.08951798010711554,0,1.0469889278963003,0.08220551378446116,0.04283504157803133,0.06440013076168682,0.016772512620094448,0.0560631427888065,0.294811320754717,0.5655172413793104,0.017673197333871946,0.06224489795918367,0.824269889224572
14,"Jalisco",2014,0.4981389578163772,0.12406771634899964,9.972495214810764e-4,0.02239191001960582,0.14307004470938897,9.810654370646523e-5,1.4684343434343434,0.09123032444587215,0.04762054540307615,0.11850251979841613,0.01713517751147945,0.05483352314597709,0.5922270203578038,1.2291666666666667,0.005043472354299688,0.02809573361082206,2.3560842433697347
15,"Estado de México",2014,0.2950423216444982,0.06444594855927287,6.332961799574425e-4,0.015798319327731094,0.11121267519804998,7.52049334436339e-5,1.291926498711233,0.08220239954646952,0.028691044678484986,0.07411721878412814,0.020119341435221344,0.033477315810832596,0.38431752178121975,0.8633677991137371,0.004479819973746172,0.058487641732604616,1.2691798941798942
16,"Michoacán de Ocampo",2014,0.2792207792207792,0.08306899286280729,0.0014287982219399905,0.016195085629188383,0.14421768707482993,0,1.4072152794152322,0.06881527306592164,0.037059538274605106,0.07664579776133561,0.023218075146673324,0.05692549144787593,0.3899365750528541,0.2964824120603015,0.024445812807881773,0.038845726970033294,1.07832360013741
17,"Morelos",2014,0.18377321603128055,0.058851004203643156,1.277889948117668e-4,0.007751937984496124,0.10401188707280833,0,0.9320351279114165,0.05198111460840585,0.023574315222272116,0.05630955818654346,0.013852140077821012,0.02111230137475451,0.21595946801773275,0.25981308411214954,0.009332281808622502,0.031762295081967214,0.9455922865013774
18,"Nayarit",2014,0.55,0.1040169133192389,0.0016904129437333977,0.010643015521064302,0.08764044943820225,0,0.7736344537815126,0.05684723067559343,0.025444869449526026,0.08532423208191127,0.014060356652949246,0.03793823338852494,0.24373907979033196,1.3636363636363635,0.01532882808636888,0.023743016759776536,1.0632111251580278
19,"Nuevo León",2014,1.2519893899204244,0.19475173655775663,9.388138291358831e-4,0.035860655737704916,0.1786492374727669,0,4.616464582003829,0.14667980594299576,0.10580464879969516,0.288746298124383,0.032273225755914146,0.09756516511358268,1.0781990521327014,1.8831168831168832,0.025923576977960997,0.052414362360709864,7.965317919075145
20,"Oaxaca",2014,0.2308673469387755,0.08946389311686115,0.0011417806068563926,0.01317680881648299,0.19560315670800452,9.006980409817609e-4,1.6007893994925289,0.11475670518392876,0.04254488680718189,0.11748381128584644,0.031660983925962005,0.04655477536107781,0.4266696498489764,0.6978922716627635,0.07629629629629629,0.13863725876329264,1.1977611940298507
21,"Puebla",2014,0.47387173396674587,0.06000335683115139,0.0010184595798854233,0.01395227539444517,0.1250898634076204,0,1.2142640364188164,0.12124248496993988,0.04843077903457065,0.10063930707362342,0.02422327540810953,0.03663504425756383,0.39745054416451203,1.1289752650176679,0.04393564356435643,0.07896907216494846,1.0781655610037497
22,"Querétaro",2014,0.18928262748487468,0.09140518417462483,5.08931752252023e-4,0.02038216560509554,0.057208237986270026,0,1.1702011963023382,0.09276638152977328,0.045465365389193046,0.110580204778157,0.024244553759662685,0.04572725798605481,0.25713797230295776,0.6434426229508197,0.013781826676010278,0.052206929283341245,0.7155910908052542
23,"Quintana Roo",2014,0.5666666666666667,0.10651629072681704,7.011920264449565e-4,0.007820646506777894,0.09866666666666667,0,1.5796610169491525,0.08993142144638404,0.02951096121416526,0.0839231547017189,0.013262599469496022,0.024715768660405337,0.32983274990276157,2.142857142857143,0.014502417069511586,0.038294168842471714,1.6130790190735695
24,"San Luis Potosí",2014,0.2057142857142857,0.09847748623258827,0.0010874111250522794,0.022096469954190245,0.1546811397557666,0,1.7465181058495822,0.0826005861977085,0.041538182477779795,0.10097087378640776,0.01833405514652808,0.050835148874364564,0.4166666666666667,1.030612244897959,0.044154057771664375,0.062422488631665975,1.8670694864048338
25,"Sinaloa",2014,0.4758220502901354,0.04989468141126909,0.0010810195721438324,0.008396011894350184,0.03541076487252125,0,1.1367244927962363,0.04287978265791261,0.02491127966042725,0.07868020304568528,0.007232735559298524,0.027181556195965417,0.3060773480662983,0.5273311897106109,0.006209818819403857,0.021082769390942217,1.609038737446198
26,"Sonora",2014,0.7325227963525835,0.11017247448081662,7.699217246246631e-4,0.011303692539562924,0.09763617677286741,1.4943215780035862e-4,0.8365844681634156,0.05220957559559467,0.027935975061447155,0.09487103468722206,0.010118235561618918,0.03250770511349576,0.354059864395568,0.8099173553719008,0.005599605787752543,0.03064699205448354,1.3302603036876355
27,"Tabasco",2014,0.37479541734860883,0.06118058356864327,4.5556702909554757e-4,0.0044364114360828134,0.03757356269805342,0,0.7854516806722689,0.030627871362940276,0.01702404763012233,0.06852248394004283,0.0096051227321238,0.019141048071315503,0.1747444544885613,0.43219076005961254,0.014356870788162907,0.009156409486640649,0.5460258780036968
28,"Tamaulipas",2014,0.6013245033112583,0.11130210571551354,0.001266891891891892,0.016500116198001395,0.07063829787234042,0,1.6184538653366582,0.07475302984010591,0.044427123928293066,0.1023674558186062,0.012202345693638195,0.041016959220648075,0.36466415428951454,1.5694444444444444,0.023012371312397265,0.02384557153671461,1.8729689807976366
29,"Tlaxcala",2014,0.25077399380804954,0.037159372419488024,6.131207847946045e-4,0.0071877807726864335,0.06130790190735695,0,0.7273245864232744,0.055993690851735015,0.022090962787950384,0.056592765460910154,0.010244735344336939,0.02495658645497395,0.24598829526146876,0.14558058925476602,0.021917808219178082,0.031425364758698095,0.4766058683584457
30,"Veracruz de Ignacio de la Llave",2014,0.39760581445061993,0.1132309601364976,0.001142552462200556,0.017687559354226022,0.17991329479768786,1.443418013856813e-4,1.8189489267209475,0.12071101671344409,0.06141893872764585,0.1413890270180673,0.0246189917936694,0.07575212033925428,0.5269066976384049,0.8111979166666666,0.04274918223859834,0.04776887871853547,1.9960212201591512
31,"Yucatán",2014,1.68,0.5640243902439024,0.008039816232771823,0.12125534950071326,0.381294964028777,0.0020242914979757085,6.358391608391608,0.42914356130622305,0.20985556499575192,0.337228714524207,0.07309941520467836,0.2790224032586558,0.8701870187018702,3.2745098039215685,0.14312336936265374,0.05079060852898898,8.342857142857143
32,"Zacatecas",2014,0.5964912280701754,0.03273453093812375,9.845288326300985e-4,0.008375893769152196,0.0690978886756238,1.59821000479463e-4,0.7707078313253012,0.0330126582278481,0.014065766964455427,0.04735740450026164,0.006649395509499136,0.020341088999779555,0.30141996557659206,0.26785714285714285,0.008336828859060402,0.024721878862793572,0.9006156552330695
1,"Aguascalientes",2015,0.5951219512195122,0.07300736771600803,4.3778577682653956e-4,0.010852090032154342,0.08319467554076539,0,0.5557553956834532,0.04330563929122858,0.02020408163265306,0.059574468085106386,0.010452299505891296,0.03409704960553334,0.34069804674991994,0.2872628726287263,0.007065057403591404,0.009852216748768473,1.047449584816133
2,"Baja California",2015,1.8461538461538463,0.3662027833001988,0.0023289342353332593,0.02493343016218833,0.0972644376899696,0,1.7714058144165672,0.11852952098031935,0.06496947356295357,0.18231441048034935,0.015154185022026432,0.0762276666310046,0.5746792544178165,1.5909090909090908,0.014187271990271585,0.04753199268738574,2.044368600682594
3,"Baja California Sur",2015,0.3902439024390244,0.048582995951417005,0.0012406947890818859,0.009036144578313253,0.05128205128205128,0,1.1664355062413314,0.03237318378791741,0.0210727969348659,0.04571026722925457,0.0076706724622858605,0.020370370370370372,0.23933518005540166,0.5294117647058824,0.008985200845665961,0.01086048454469507,1.3620689655172413
4,"Campeche",2015,0.49,0.02098207780853854,3.0396676630021786e-4,0.00810429880197322,0.05274725274725275,0,1.1082164328657316,0.04573972879983809,0.021265560165975105,0.06793478260869565,0.006732263076126359,0.020173259829163386,0.19081632653061226,0.6078431372549019,0.016634187082405345,0.023809523809523808,0.8651315789473685
5,"Coahuila de Zaragoza",2015,0.6458966565349544,0.16836428999400838,7.803355442840422e-4,0.03255813953488372,0.15011547344110854,0,2.8164961636828645,0.13881242626818718,0.08078673602080624,0.2478849407783418,0.042065663474692205,0.08252899364010476,0.6564134756225152,0.9859154929577465,0.09740670461733081,0.031328954017180395,2.197420634920635
6,"Colima",2015,0.1875,0.030745580322828592,7.328691828508611e-4,0.013718765311121999,0.13565891472868216,0,1.2226027397260273,0.055950500263296475,0.04334104775930991,0.07684630738522955,0.006597222222222222,0.03842255597530637,0.29611829944547136,0.3870967741935484,0.008840244159124395,0.03513513513513514,1.0985915492957747
7,"Chiapas",2015,0.6361746361746362,0.06750536974532065,0.0012426714249299006,0.006503007641033978,0.15555555555555556,0,1.6014760147601477,0.09686038744154976,0.04934775544310849,0.14489465153970826,0.016006268188941124,0.04646820201326436,0.32476767676767676,0.805940594059406,0.08323306086884362,0.07652439024390244,0.9498337866424902
8,"Chihuahua",2015,1.8659420289855073,0.20006311139160618,0.0020163548784586085,0.038517231392991604,0.2303839732888147,0,2.150018705574261,0.15338805729921134,0.061862548851396436,0.1973568281938326,0.021451888698896315,0.07712163753283217,0.8645744981622844,1.4137931034482758,0.0384963768115942,0.09017713365539452,3.047318611987382
9,"Ciudad de México",2015,0.26270974204858505,0.16848752129898767,7.994387613593722e-4,0.03405865657521287,0.1461203770848441,0,1.574699669434814,0.12071649786557295,0.05348555416713999,0.10408342266835591,0.018766524887918152,0.08001202058525224,0.4677233207663307,0.9313572542901716,0.004996876951905059,0.02539858170296233,2.037341432910488
10,"Durango",2015,0.8598726114649682,0.0431672422298964,6.608293408227325e-4,0.008170339192869523,0.06160458452722063,0,0.9163568773234201,0.043997921358046074,0.024606197879131063,0.03329837441006817,0.012929112795363353,0.021981727880311483,0.2661900756938604,0.8320610687022901,0.03467618561958185,0.011066027296200664,1.638719512195122
11,"Guanajuato",2015,0.2066869300911854,0.05515370705244123,5.733056493848586e-4,0.007910750507099391,0.05269645608628659,1.573440327275588e-4,0.893491124260355,0.04337330135891287,0.01920780880165895,0.056409106201637325,0.00876126598197443,0.019256994709946202,0.24436272528893557,0.5968523002421308,0.005897993715252598,0.019368489583333332,0.7674670127622756
12,"Guerrero",2015,0.5508100147275405,0.08839137645107795,0.0016526649221870265,0.01591113779645752,0.14351057747284163,4.393673110720562e-4,1.7145026575550493,0.08643702906350915,0.05791044776119403,0.18274687854710556,0.028603859250851304,0.057128527789176126,0.42203718489791264,0.6346153846153846,0.023153818799636492,0.07711821410451547,1.5269413629160062
13,"Hidalgo",2015,0.5,0.062298256939961265,9.119464991387172e-4,0.020308692120227456,0.06961566352429296,4.7732696897374703e-4,0.9103950562789671,0.08214168758869118,0.0425971101519985,0.06238643246517262,0.013910355486862442,0.05855695300168033,0.2876993166287016,0.728110599078341,0.013852587558808156,0.06938379427462397,0.9776910206358059
14,"Jalisco",2015,0.44808743169398907,0.1276255988207837,9.749569871917416e-4,0.021128107074569788,0.11702127659574468,1.9485580670303975e-4,1.610545236668664,0.09410668530165385,0.05467672068025028,0.12455717727079496,0.014415090295268206,0.06179643959991634,0.6359802602063706,1.1027900146842877,0.004448711793887022,0.023877429196789812,2.2978142076502732
15,"Estado de México",2015,0.2828438948995363,0.06350587211831231,6.847589454712239e-4,0.018537531371206936,0.09731642583308758,0,1.3059451705451068,0.08418477478773924,0.027404463466829714,0.07449919578885802,0.017661668659736916,0.03632906451084835,0.3634794704033795,0.7535919540229885,0.003948531578430409,0.0429726996966633,1.140625
16,"Michoacán de Ocampo",2015,0.2804757185332012,0.06489869873167518,0.0013186969848171645,0.009635599159074982,0.11958511287370348,0,1.3500318403735938,0.07243822022002416,0.03770730916752201,0.08141086749285033,0.016927083333333332,0.059050134830223984,0.3955639290913762,0.30788804071246817,0.01740224797118431,0.046234422972728915,1.160270078180526
17,"Morelos",2015,0.1728395061728395,0.043407192154013806,2.369499798592517e-4,0.009643605870020965,0.07465135356849877,0,0.9078721210037813,0.062018220042046254,0.02565854870775348,0.06954195921096623,0.011259676284306826,0.024647436717770213,0.23636363636363636,0.2922077922077922,0.006675415073886005,0.03584088223710122,1.010174418604651
18,"Nayarit",2015,0.5815602836879432,0.07970112079701121,0.00354699771978718,0.00881982360352793,0.06613226452905811,0,0.8101619207146845,0.060752289037366985,0.03420490050978457,0.0884125920964501,0.01121562952243126,0.04169453734671126,0.2523441809156095,0.7272727272727273,0.010687463893703062,0.021573604060913704,1.1180904522613064
19,"Nuevo León",2015,1.0280172413793103,0.2316309719934102,0.0010099844173832747,0.029002593727894363,0.17158671586715868,0,3.941823899371069,0.1444498641209672,0.08301338590847775,0.2450473729543497,0.03040022312090364,0.11672341074241577,1.0708890180127832,2.1928934010152283,0.011597037865027245,0.04218635363169479,6.715434083601286
20,"Oaxaca",2015,0.17369477911646586,0.07256024497403808,0.0011567027882625107,0.012855377008652658,0.22807017543859648,0.0011534025374855825,1.8241130487071557,0.13537874848327267,0.0563989732306564,0.14739884393063585,0.03947604521801543,0.05749827228749136,0.5007802184611692,0.8512396694214877,0.06206298757584513,0.1419828641370869,1.1955849889624723
21,"Puebla",2015,0.4996904024767802,0.052753240320317016,8.808210784313726e-4,0.011543134872417983,0.10544121793064562,0,1.1671667381054436,0.11005907359355159,0.047500090510843196,0.10225763612217796,0.01765559496936472,0.0382298393101301,0.3751302154723395,1.1143847487001732,0.043645699614890884,0.07196542653137918,0.9936852740591058
22,"Querétaro",2015,0.21489161168708765,0.09094790777113577,1.8500409651928007e-4,0.023778071334214,0.05063291139240506,0,1.0047149592798972,0.07777456229199826,0.03557956978285248,0.11916771752837327,0.025969529085872575,0.04041826949124993,0.23205552926329073,0.6590909090909091,0.012264150943396227,0.04481792717086835,0.613660062565172
23,"Quintana Roo",2015,0.47477744807121663,0.0982201713909031,8.455765775288025e-4,0.014269186270728885,0.06280193236714976,0,1.6263079222720478,0.06680270647621094,0.02859778597785978,0.09184629803186505,0.010913268236645606,0.020406065278848626,0.2720797720797721,1.4915254237288136,0.008363696588274263,0.024415055951169887,1.576470588235294
24,"San Luis Potosí",2015,0.18370739817123857,0.07543722265726964,0.0012108369910700772,0.012497107151122426,0.08205590622182146,0,1.2374124708236078,0.07246621621621621,0.033800028284542497,0.07762896825396826,0.013122393917095904,0.039438127090301006,0.34275725794193646,0.5403225806451613,0.036022904737116085,0.03782945736434108,1.336441893830703
25,"Sinaloa",2015,0.5737704918032787,0.05317228932389282,0.001141552511415525,0.00940388906598661,0.0935483870967742,1.5837820715869496e-4,1.1786951501154734,0.04169669020512082,0.02845811299749513,0.08450316542802092,0.0071474461933825895,0.0299236496419595,0.28509689111947584,0.6394052044609665,0.006714247951361354,0.0149812734082397,1.0030198446937015
26,"Sonora",2015,0.6335877862595419,0.10149501661129567,9.658569565847298e-4,0.011792804896253173,0.08093797276853253,0,0.8266597330559889,0.051792656587473,0.028792412352509456,0.09023991275899673,0.009283135636926251,0.03479425371317263,0.330121553513193,0.7901785714285714,0.005004887585532747,0.0245804774285039,1.5697187312986236
27,"Tabasco",2015,0.37902097902097903,0.06347628514626527,3.9224300238483746e-4,0.004370346390417611,0.041719342604298354,1.8751171948246765e-4,0.8600979858464889,0.033685859772816296,0.018786407766990292,0.06962663975782038,0.009610321221695629,0.02047082906857728,0.18794020411096737,0.3483309143686502,0.010179556058249682,0.012013536379018613,0.6057420137484836
28,"Tamaulipas",2015,0.5213675213675214,0.08454145626323506,8.832361773538244e-4,0.022048217597362457,0.0605074821080026,0,1.2820967333502153,0.0677635006077444,0.04501770359129995,0.11171662125340599,0.01013299556681444,0.04025076165924537,0.35975232198142415,1.2076502732240437,0.018102147834207313,0.013433221389821752,1.9219440353460973
29,"Tlaxcala",2015,0.22841225626740946,0.03408146300914381,3.418511238355696e-4,0.013634226610249177,0.0846286701208981,0,0.7207865168539326,0.05807588830132665,0.024763879290486065,0.05652911249293386,0.012651691195455719,0.026202581149784906,0.2658983329903272,0.17782026768642448,0.026991317478293697,0.0288153681963714,0.4234527687296417
30,"Veracruz de Ignacio de la Llave",2015,0.33897694524495675,0.11247459158322667,9.645061728395061e-4,0.020291837665298677,0.19964285714285715,5.564056196967589e-4,1.9681500872600348,0.12895125553914327,0.06082567153416261,0.13408669252825098,0.024967490247074123,0.08184780127420259,0.5639353400222965,0.7941919191919192,0.0330756488128106,0.04795789063261526,1.9654289372599232
31,"Yucatán",2015,1.5231788079470199,0.4463336875664187,0.007996446023989337,0.13399153737658676,0.40559440559440557,0,5.7626112759643915,0.4405688221089348,0.2781646866038509,0.4237012987012987,0.07920792079207921,0.36658141517476556,0.9536842105263158,2.6417910447761193,0.1059271601999524,0.046153846153846156,4.304945054945055
32,"Zacatecas",2015,0.6620689655172414,0.03947019867549669,0.0018245400638589023,0.008276740237691002,0.07260406582768635,0,0.8153430994602929,0.035656001186884924,0.016191883902176834,0.0418861299222473,0.00528169014084507,0.021419145264440158,0.23856095005239258,0.3487544483985765,0.0065540710864633225,0.023617153511497825,0.8428459734167318
1,"Aguascalientes",2016,0.44954128440366975,0.073125,4.145200450050335e-4,0.010226767452200978,0.05192878338278932,0,0.6151046405823476,0.04866969500324465,0.02414592998734711,0.06689621249385146,0.009079118028534372,0.04127093766188914,0.3153392330383481,0.25240384615384615,0.0051440329218107,0.008384572386808273,0.851
2,"Baja California",2016,0.7550432276657061,0.3080539015982451,0.0014166535495041713,0.015080113100848256,0.06539074960127592,0,1.0141097424412093,0.09019331016507384,0.05625760554151456,0.13703416149068323,0.01177066194152639,0.0668693009118541,0.43572145965852027,0.944,0.007026452527161077,0.04341880341880342,1.5316923076923077
3,"Baja California Sur",2016,0.24242424242424243,0.05889803673210893,3.779289493575208e-4,0.006339144215530904,0.06278026905829596,3.878975950349108e-4,1.2695374800637957,0.035976200359762005,0.01931282281607905,0.03770949720670391,0.0060959448714550755,0.02117486338797814,0.23526230394808004,0.5217391304347826,0.00647811660609891,0.014649190439475714,1.4813664596273293
4,"Campeche",2016,0.7409326424870466,0.0311025311025311,3.752948745442848e-4,0.010150375939849625,0.09174311926605505,0,1.5332409972299168,0.05556833870225495,0.02743022136669875,0.07379679144385026,0.00999677523379555,0.02826725403817915,0.27920049968769517,0.6323529411764706,0.02539861718639763,0.024390243902439025,1.0561797752808988
5,"Coahuila de Zaragoza",2016,1.7575757575757576,0.2537313432835821,0.0019031668696711328,0.02371967654986523,0.2445054945054945,0,4.463594470046083,0.18127917244859343,0.11048951048951049,0.29330499468650373,0.056265984654731455,0.1014049507789353,1.0169160702667535,2.06,0.059533721898417984,0.0384204909284952,4.781376518218623
6,"Colima",2016,0.2,0.06492753623188406,0.0011240164855751218,0.010325245224574084,0.16141732283464566,0,1.1938775510204083,0.06183146360553091,0.04161655039692086,0.07583417593528817,0.011873840445269016,0.03902691511387164,0.2479515496971856,0.2920353982300885,0.008844045839561535,0.01815736381977135,1.1111111111111112
7,"Chiapas",2016,0.7807017543859649,0.10388127853881278,0.0010947094743684038,0.009250519161789691,0.14707520891364903,2.828854314002829e-4,1.6670942912123157,0.12081374547572492,0.05853808353808354,0.19478957915831663,0.02086540106037284,0.0637855867981391,0.3692729524146471,0.7876857749469215,0.13963782696177063,0.07525697503671072,1.0696666666666668
8,"Chihuahua",2016,1.4098360655737705,0.10974155069582504,0.0014577259475218659,0.021635115456625754,0.17048054919908467,4.5558086560364467e-4,1.6897831050228311,0.11645829765370783,0.0538563829787234,0.13806087229369313,0.01508695151445353,0.058797440283849714,0.6769610870907968,1.0614754098360655,0.022276993079912787,0.06026113157013726,2.308383233532934
9,"Ciudad de México",2016,0.213882863340564,0.21266110689916604,7.678352951103236e-4,0.04067212408444636,0.17037636584378793,1.0501995379122033e-4,2.0053538401635356,0.14766963345774714,0.06671979457209899,0.1324732173712706,0.02928837172484762,0.09512693317770644,0.5471475022169672,1.1886608015640274,0.006263374915183465,0.016259398496240602,2.866699099975675
10,"Durango",2016,0.7747747747747747,0.04032258064516129,5.08949020273136e-4,0.008333333333333333,0.05555555555555555,0,1.163160154572778,0.047144202537255556,0.024681448780977226,0.04288996681133521,0.009557774607703282,0.0223377785233023,0.2857142857142857,0.8253968253968254,0.024096385542168676,0.014105419450631032,1.508819538670285
11,"Guanajuato",2016,0.205078125,0.06332415591943197,6.54041680292535e-4,0.009994408722393067,0.06156837329876863,0,0.9851348236920949,0.05146295912014941,0.02251279402788863,0.05975314338447341,0.00958898138865885,0.023571311609628297,0.2916647698820959,0.5442329227323628,0.005265191768911217,0.01764899031357741,0.911578947368421
12,"Guerrero",2016,0.48582474226804123,0.09027656983823273,0.0014540695772292703,0.005957005957005957,0.12526096033402923,0,1.428479588556734,0.07975811916801334,0.04642629227823867,0.12990196078431374,0.022334791618696753,0.050128328521013794,0.3916894477856752,0.5224358974358975,0.030759702725020644,0.034613921643210345,1.612693246541904
13,"Hidalgo",2016,0.4822429906542056,0.07072042300066093,0.0013455800620136898,0.013425549227013833,0.07846952010376135,0,0.9465665709869728,0.0999210350482901,0.041953232462173314,0.06898620275944811,0.014169762003026552,0.06895374637310121,0.2937055281882868,0.8602150537634409,0.0067014727655263775,0.04595959595959596,1.1288782816229117
14,"Jalisco",2016,0.5740740740740741,0.13071976255256,8.931471256901592e-4,0.021664204825209258,0.12012012012012012,1.1005943209333039e-4,1.6209608235630542,0.10242117670169924,0.058082805907173,0.13869376774772083,0.01733311392682793,0.06816865224290355,0.6812032751868993,1.0926193921852387,0.003873143820834941,0.0242497320471597,2.335872324990932
15,"Estado de México",2016,0.26643952299829643,0.07200485289657264,7.806935846162274e-4,0.019421912487147263,0.08938229433532593,1.579778830963665e-4,1.4140860727330475,0.09168280670687842,0.028866031046017766,0.08434584933761856,0.019126195387211702,0.03889893950745878,0.38738647318483943,0.7555217060167555,0.0038912823363576802,0.023818795430944964,1.370223978919631
16,"Michoacán de Ocampo",2016,0.21815408085430968,0.07898535780573314,9.091862782809385e-4,0.007758475290942824,0.11414077362079898,3.223726627981947e-4,1.3892112615516872,0.07802633346768777,0.0371505376344086,0.08115942028985507,0.018308150435645747,0.06467647952279694,0.4199644645453077,0.34084880636604775,0.016049446839453592,0.040910773787486115,1.3424218123496392
17,"Morelos",2016,0,36.666666666666664,0.14606741573033707,4.466666666666667,14.125,0.09090909090909091,296.6,19.157894736842106,11.575,10.833333333333334,2.642857142857143,18.71186440677966,65.26315789473684,76,1.6176470588235294,0.6692913385826772,95
18,"Nayarit",2016,0.5131578947368421,0.0836940836940837,0.001092896174863388,0.007339449541284404,0.0640495867768595,0,0.8186046511627907,0.0701073599793041,0.028831562974203338,0.07134502923976609,0.014744801512287334,0.0490353084725082,0.2564102564102564,0.6309523809523809,0.007537392533270522,0.014052838673412029,1.1454326923076923
19,"Nuevo León",2016,0.7142857142857143,0.16646735230806028,0.0019506757698202592,0.02876376988984088,0.19015280135823429,5.560704355885078e-4,3.0097238428626993,0.13218863930377514,0.08710663904508237,0.24013657056145676,0.028001534330648253,0.09532155858163678,0.936310223266745,1.8495575221238938,0.00555019305019305,0.05257767156025948,5
20,"Oaxaca",2016,0.21518987341772153,0.12344843150530355,0.0011146496815286624,0.019199122325836534,0.2742448330683625,0,1.986875800256082,0.1558760549187555,0.06668378702277007,0.14229950319375442,0.0426038062283737,0.07960679334708386,0.5507390386287417,0.8184357541899442,0.08133744368034147,0.12034837688044339,1.4158163265306123
21,"Puebla",2016,0.504424778761062,0.059557867360208065,0.0011726647796198948,0.010621217734963566,0.10497798848628513,0,1.3229166666666667,0.11872573584074451,0.04705794615556716,0.11465335125792203,0.019685704629942548,0.03944102936123096,0.41650640145062917,1.2934131736526946,0.03503054989816701,0.04,1.140162507254788
22,"Querétaro",2016,0.2154255319148936,0.1440738112136267,5.394066526820498e-4,0.029753265602322207,0.06321243523316063,7.173601147776184e-4,0.953770367563471,0.08956767565331311,0.0453282968559049,0.10074413279908415,0.018688524590163933,0.047703572220989574,0.24588731984277187,0.6059602649006622,0.008157132124074273,0.03403755868544601,0.6541541541541541
23,"Quintana Roo",2016,0.5816326530612245,0.12987012987012986,0.0016554333688069056,0.009726725335803613,0.10217391304347827,5.80046403712297e-4,1.8672699849170438,0.10153449017639467,0.033119297059817504,0.11182795698924732,0.010630758327427357,0.02987169206094627,0.3877476155539252,2.4523809523809526,0.019236209335219235,0.04073033707865169,1.7786458333333333
24,"San Luis Potosí",2016,0.22688274547187798,0.05892081868927021,9.436633009342266e-4,0.01942645698427382,0.09117361784675072,2.1413276231263382e-4,1.2752263906856403,0.08028095431589946,0.03701149425287356,0.08727810650887574,0.018515860485144253,0.0469940596522875,0.376230012300123,0.6258064516129033,0.02738627248768191,0.04555662495989734,1.2555626191989828
25,"Sinaloa",2016,0.41035120147874304,0.06708242036069442,7.266435986159169e-4,0.011604825164147198,0.09023255813953489,8.192692118630182e-4,1.2714972940469031,0.053632834165280086,0.032453721937770776,0.08718703976435935,0.006152168834202944,0.034023022002039924,0.3036289757601233,0.5770925110132159,0.006565631633509404,0.012235817575083427,0.8740213523131672
26,"Sonora",2016,0.46842105263157896,0.0737291424136593,0.0013367660164372711,0.0140199888950583,0.08717518860016764,1.5012760846719713e-4,0.8118333333333333,0.05144948633697958,0.030799859468321818,0.08518877057115198,0.009844511914619561,0.03849376509438612,0.3110737785244295,0.5462962962962963,0.0070124104530319845,0.018558020477815698,1.393167028199566
27,"Tabasco",2016,0.48715313463514903,0.05506165758531689,3.7423239831935634e-4,0.002165752237943979,0.04736371760500447,0,0.8602179112410311,0.04151165067554337,0.01936912008854455,0.0781099324975892,0.011271297509829619,0.02180449501395228,0.22759912581954417,0.474120082815735,0.013940897811865555,0.009805701834029417,0.6669466610667787
28,"Tamaulipas",2016,0.6197183098591549,0.08337845154304277,0.0012959243180198277,0.026442307692307692,0.08661417322834646,2.466091245376079e-4,1.656383628588882,0.07986440001994118,0.05270070595961254,0.13666391412056153,0.01040342156976072,0.04856534870950027,0.431104720824347,1.34640522875817,0.016634247769803476,0.019313304721030045,2.131188118811881
29,"Tlaxcala",2016,0.2453781512605042,0.04394618834080718,4.154549231408392e-4,0.010819165378670788,0.06754530477759473,0,0.8020419739081112,0.05981092031641906,0.031112783841425167,0.06465517241379311,0.009650180940892641,0.03515246853823814,0.29981829194427617,0.20088300220750552,0.03057905009759271,0.02411873840445269,0.43854415274463004
30,"Veracruz de Ignacio de la Llave",2016,0.3337453646477132,0.12156593406593406,0.0010197838058331635,0.016187484899734237,0.1561712846347607,1.448016217781639e-4,2.0446167349327093,0.1397786541152525,0.07141789371402944,0.14594594594594595,0.025659624625986036,0.09449555590207391,0.6086121617689846,0.8868194842406877,0.03192092397080706,0.03795180722891566,2.088439880755217
31,"Yucatán",2016,1.1235294117647059,0.549618320610687,0.008269344359125812,0.16199376947040497,0.43934426229508194,0.0034482758620689655,4.0588235294117645,0.3985541044776119,0.21601104209799862,0.36750998668442075,0.07034728406055209,0.3472298409215579,1.0259009009009008,2.3484848484848486,0.11199294532627865,0.03758169934640523,2.593059936908517
32,"Zacatecas",2016,0.45806451612903226,0.04345238095238095,0.0016346032943543318,0.009519387044346413,0.07204610951008646,0,0.8034853540971449,0.03909245845760546,0.02292845740821361,0.05488803932277444,0.006833910034602076,0.02357920193470375,0.25383333333333336,0.3333333333333333,0.008414552939039893,0.024896265560165973,1.023936170212766
1,"Aguascalientes",2017,0.39528795811518325,0.08282674772036475,3.9635354736424893e-4,0.015889287544848796,0.06268221574344024,0,0.7100944803580308,0.05821853179845254,0.025616187708535142,0.08289241622574955,0.009572431397574984,0.049267733009381115,0.3355855855855856,0.2961038961038961,0.004776309504855914,0.008907870652837095,0.9558232931726908
2,"Baja California",2017,3.0568181818181817,1.145977011494253,0.004557885141294439,0.06438969764837627,0.2608695652173913,0,3.6771300448430493,0.29462915601023015,0.19647285753651145,0.4860406091370558,0.047619047619047616,0.21776932481999728,1.2601590106007068,3.5555555555555554,0.03159368126374725,0.11090047393364928,5.670258620689655
3,"Baja California Sur",2017,0.2323943661971831,0.08312958435207823,5.434782608695652e-4,0.008361204013377926,0.06666666666666667,0,1.4122516556291391,0.04391449760069798,0.020431588613406795,0.05405405405405406,0.005043227665706052,0.023892483822797413,0.23608247422680412,0.7936507936507936,0.0025307718854250547,0.022239872915011914,1.662613981762918
4,"Campeche",2017,1.3058823529411765,0.0762987012987013,4.3398068785939026e-4,0.009986684420772303,0.14835164835164835,0,2.3259911894273126,0.06690454950936664,0.04965069860279441,0.1034965034965035,0.00991571641051066,0.03426343865408289,0.37559129612109743,1.1590909090909092,0.05161656267725468,0.02294792586054722,1.6778115501519757
5,"Coahuila de Zaragoza",2017,0,25.666666666666668,0.10714285714285714,3.2666666666666666,43,0,606.625,33.45238095238095,13.878048780487806,51.166666666666664,4.52,25.272727272727273,227.28571428571428,0,12.517241379310345,3.111111111111111,1128
6,"Colima",2017,0.21428571428571427,0.13310185185185186,3.9635354736424893e-4,0.01738050900062073,0.1152073732718894,0,1.5068870523415978,0.06227758007117438,0.04576043068640646,0.06813819577735125,0.009545628102329133,0.034702324100604906,0.24786641929499073,0.2540983606557377,0.0070653545293969215,0.016801075268817203,1.3525345622119815
7,"Chiapas",2017,2.214673913043478,0.1948130277442702,0.002228754158726057,0.014615384615384615,0.2687793427230047,0,2.146022952117135,0.2595678447170848,0.13687557970054326,0.42038753159224934,0.05579773321708806,0.11736656732592793,0.6970843183609141,1.5891472868217054,0.2994736093327643,0.145985401459854,2.3333333333333335
8,"Chihuahua",2017,10.311111111111112,0.6217882836587872,0.008048289738430584,0.10816777041942605,0.8429319371727748,9.615384615384616e-4,6.715585893060296,0.5408296373597704,0.213215859030837,0.5476493011435832,0.05558065973791233,0.20235712697353792,3.0580110497237567,4.96,0.09430008382229674,0.23468208092485549,10.352750809061488
9,"Ciudad de México",2017,0.2264569022822956,0.17226582940868654,7.27677424878007e-4,0.04798185941043084,0.19752540874944763,0,1.9964698024997616,0.1370218957871397,0.06753135625661465,0.1537721092527975,0.02932740860432236,0.1027384974139735,0.48379434526089954,1.1358851674641148,0.004148340663734506,0.010649191071062871,2.9143130684538057
10,"Durango",2017,0.9368029739776952,0.04699738903394256,4.7424831641847674e-4,0.011282660332541567,0.06782334384858044,0,1.643835616438356,0.052635190776832284,0.03171064040629258,0.05359565807327001,0.012783053323593864,0.0286946481934257,0.3768677365799668,0.7737226277372263,0.024854455888938646,0.007586705202312138,2.1844660194174756
11,"Guanajuato",2017,0.16253136325620296,0.0802391441157961,7.650486701175245e-4,0.013651301929721076,0.09249274160099544,1.1114816049794375e-4,1.5127567925778662,0.06804160449007773,0.03288960937743555,0.08135883528404225,0.008441943127962086,0.032424291323758805,0.39053531685603843,0.5732265446224256,0.00585305745237973,0.025558035714285714,1.318213296398892
12,"Guerrero",2017,0.4703196347031963,0.1455812247891456,0.0024216984178237005,0.017518939393939392,0.18663406682966585,6.035003017501509e-4,2.3164621676891617,0.12655338574689323,0.07434996486296556,0.18141263940520447,0.03920090463626084,0.08509132096842702,0.7516528925619834,0.8170731707317073,0.060997952365556635,0.05555555555555555,2.7404795486600846
13,"Hidalgo",2017,0.389937106918239,0.08508365966536134,0.0014687522949254608,0.011574074074074073,0.059789473684210524,0,0.813362381989833,0.08754261736165748,0.04260784834794933,0.06076430097317826,0.008779093507554103,0.06073721065940479,0.23421166306695465,0.5497835497835498,0.005938307582339033,0.030799220272904482,0.8722014925373134
14,"Jalisco",2017,1.0112739571589628,0.18226359627633512,0.0012253768611856098,0.03191036732378386,0.12636579572446555,3.096934035305048e-4,1.9989557953358859,0.14325041125323126,0.08468760425106038,0.1962303664921466,0.023404419123874046,0.0945805817824592,0.864877318281304,1.2782931354359925,0.006678103173630682,0.029289052069425902,2.9189794091316026
15,"Estado de México",2017,0.2925048958518782,0.07688014510952978,6.742244680925008e-4,0.019570624427281056,0.08170310701956271,8.903133903133904e-5,1.6723245892711265,0.10405586354478219,0.036888757571280836,0.09248407643312102,0.026353223029123306,0.05091880781089414,0.5065349985477781,0.845021645021645,0.0053082985628187295,0.023916198649586672,1.5096899224806202
16,"Michoacán de Ocampo",2017,0.3915401301518438,0.10589812332439678,0.001386268242905002,0.013046179333195278,0.1497550734779566,0,1.568443804034582,0.09209197545249748,0.046877906616233644,0.10333006856023506,0.024191494779730073,0.07836309729021582,0.4770924699076234,0.576837416481069,0.019907013293170062,0.036585365853658534,1.6137148495313272
17,"Morelos",2017,0.18040737148399613,0.07795172863666014,3.8440593266489414e-4,0.017933390264730998,0.13652275379229872,0,1.9325767690253672,0.1067193675889328,0.044790652385589096,0.09315323707498836,0.021745190967382214,0.04566956983067333,0.44219499200852425,0.3369098712446352,0.006982973024679548,0.036752605595172794,1.5362173038229376
18,"Nayarit",2017,1.3088235294117647,0.1678951678951679,0.0022975301550832855,0.018867924528301886,0.13131313131313133,0,2.1666666666666665,0.11631139944392957,0.060112359550561795,0.1220703125,0.025830258302583026,0.07263294422827497,0.562303664921466,1.2765957446808511,0.013131976362442548,0.01861427094105481,3.634980988593156
19,"Nuevo León",2017,0.7625178826895566,0.23239895697522817,0.002431463132940247,0.05084312723556464,0.19029126213592232,6.451612903225806e-4,3.2158642462509865,0.16306442731277532,0.09710017574692442,0.2318840579710145,0.035807591824189335,0.12713332983248438,0.9598214285714286,2.3448275862068964,0.008652583840553766,0.03578234173195003,5.588159588159588
20,"Oaxaca",2017,0.5453237410071943,0.20490506329113925,0.0017933833592901978,0.027455121436114043,0.4075,0.0011242270938729624,3.0717054263565893,0.24421248449772634,0.1119533527696793,0.21976241900647947,0.07482993197278912,0.13222735545289094,0.8868495361032674,1.3555555555555556,0.14310276418463166,0.16636528028933092,2.0107449856733526
21,"Puebla",2017,0.6328859060402685,0.06573050492978787,7.14694110920526e-4,0.009192383453709783,0.11494703805413888,0,1.7355535553555355,0.13474550441938432,0.05066320528941711,0.10970636215334421,0.02585410895660203,0.044223946295287586,0.4822886572038689,1.3465346534653466,0.03777580435822119,0.05116184264166327,1.415704387990762
22,"Querétaro",2017,0.18626609442060085,0.19604471195184867,3.8104475543854785e-4,0.04519774011299435,0.04589114194236926,0,1.4728469555677455,0.09028204602881923,0.049735703988467085,0.13297150610583447,0.026856763925729443,0.05448681027531391,0.3230860769535898,0.7078189300411523,0.012449492191765861,0.027744748315497423,0.8592057761732852
23,"Quintana Roo",2017,0.7134831460674157,0.13184772516248838,0.0012195121951219512,0.01696969696969697,0.09523809523809523,0,2.285464098073555,0.111011101110111,0.034294759057333805,0.138442521631644,0.017716535433070866,0.03315080657096345,0.3717017208413002,2.2758620689655173,0.02428842504743833,0.03877005347593583,1.56
24,"San Luis Potosí",2017,0.2835249042145594,0.07407407407407407,0.0011164175401600198,0.02633118782913985,0.11431623931623931,0,1.6669251647925551,0.11485239852398524,0.05473297253139998,0.13138686131386862,0.02396726422447389,0.06412010948317501,0.4838652166161526,0.9437229437229437,0.03039179787623581,0.04529201430274136,1.3344370860927153
25,"Sinaloa",2017,0.47574626865671643,0.10276155071694106,5.12054619159377e-4,0.011050875729774812,0.08778625954198473,6.129955046996322e-4,1.531515580736544,0.07061933534743202,0.045343680709534366,0.13352506162695152,0.012564040009758477,0.050946899368733756,0.33589128697042364,0.7150259067357513,0.0056424724288279045,0.02446577887890988,1.358511837655017
26,"Sonora",2017,0.3987341772151899,0.08866459627329193,0.0010201768306506462,0.013725490196078431,0.0948905109489051,1.8057060310581438e-4,0.8535528596187175,0.05515408643759616,0.031105772270342037,0.0837255387664107,0.010491274084535459,0.044761793961956835,0.34264660730733804,0.4383561643835616,0.007227644420997098,0.027212494084240417,1.4920353982300885
27,"Tabasco",2017,1.2880886426592797,0.12827492344334807,7.874969711654955e-4,0.008454106280193236,0.09725400457665904,0,2.331407942238267,0.08022260273972602,0.04973641989456796,0.14776632302405499,0.018952446588559616,0.049511033741231884,0.4737007379494426,1.008695652173913,0.03596673596673597,0.024390243902439025,1.4976437323279925
28,"Tamaulipas",2017,0.7087719298245614,0.10216780409474106,0.0017722911446556254,0.01945364238410596,0.04897418927862343,5.108556832694764e-4,1.4626988480526604,0.08734356181599204,0.05440539239287434,0.13545816733067728,0.01010941960038059,0.05090922082097817,0.41825825825825824,1.1761006289308176,0.020883432476901657,0.014402407566638005,2.088766692851532
29,"Tlaxcala",2017,0.3522167487684729,0.060765191297824456,4.878346240624428e-4,0.017788089713843776,0.10766045548654245,0,1.5208768267223383,0.1004293161606869,0.05583972719522592,0.09481216457960644,0.0199501246882793,0.047299848942598186,0.506393001345895,0.2717948717948718,0.02674524025385313,0.04456824512534819,0.6990788126919141
30,"Veracruz de Ignacio de la Llave",2017,0.5138713745271122,0.14676258992805755,0.0011545122185876468,0.017798466593647318,0.18041898247114152,0,2.32540329151051,0.13715910559648442,0.07153533172797476,0.14951267056530215,0.026046691105537333,0.10299827967559597,0.6173789875600444,1.062043795620438,0.031005125164132324,0.033979040965385836,2.119358074222668
31,"Yucatán",2017,0.985781990521327,0.6313291139240507,0.0033467202141900937,0.10644677661169415,0.4898785425101215,0,4.703851261620186,0.39143876337693223,0.23242042931162102,0.38392857142857145,0.0865979381443299,0.2966352624495289,1.1001737116386798,1.688073394495413,0.12236746550472041,0.048292108362779744,2.7353896103896105
32,"Zacatecas",2017,0.4575757575757576,0.0434261755016472,0.0015804030027657052,0.008278548819089359,0.066543438077634,0,0.7845986196876135,0.039645447219983886,0.017977219706326333,0.05073280721533258,0.005939613925094869,0.024185294909776462,0.23054489639293937,0.2846441947565543,0.007969735182849937,0.024738344433872503,0.9688814129520605
1,"Aguascalientes",2018,0.3147208121827411,0.1431261770244821,6.62471016893011e-4,0.021141649048625793,0.0471976401179941,0,0.7250842561386616,0.06070875290472502,0.025153653539722286,0.08133704735376045,0.01170671595810228,0.06639113612381288,0.26299945265462504,0.4845814977973568,0.004581245526127416,0.009891334633602675,0.9278656126482213
2,"Baja California",2018,0.5525114155251142,0.43345252284465635,0.002036659877800407,0.02971366828741221,0.11368653421633554,0,1.5660377358490567,0.12888921735274556,0.1027809633027523,0.17239819004524887,0.020460358056265986,0.12014156215075127,0.6400384985563041,1.2371134020618557,0.009181282846830875,0.08015087223008015,2.562037037037037
3,"Baja California Sur",2018,0.17041800643086816,0.08470588235294117,0.002018842530282638,0.008828722778104767,0.07301587301587302,0,1.3539412673879443,0.04016002461917218,0.0297270955165692,0.056291390728476824,0.005393743257820928,0.0368120085775554,0.23819301848049282,0.7424242424242424,0.0017131007122892436,0.01809954751131222,1.6925287356321839
4,"Campeche",2018,1.3013698630136987,0.11747211895910781,5.214217432866951e-4,0.028193832599118944,0.13636363636363635,0,2.4242424242424243,0.08836008116583656,0.04829026363873662,0.1016949152542373,0.013137151865475564,0.04140241713533565,0.45566090351366423,0.9661016949152542,0.06041447137337548,0.0350109409190372,1.803680981595092
5,"Coahuila de Zaragoza",2018,2.523489932885906,0.8022598870056498,0.005036937541974479,0.07654320987654321,0.437125748502994,0,10.604602510460252,0.3296440972222222,0.23457702253417068,0.539906103286385,0.09697933227344992,0.2871729419272495,1.5609622744669218,3.169491525423729,0.12058740468794125,0.03941267387944358,11.15
6,"Colima",2018,0.15584415584415584,0.16837315130830488,7.639419404125286e-4,0.01694915254237288,0.07650273224043716,0,1.6257309941520468,0.06162268388545761,0.04172203029497741,0.07469654528478058,0.011454753722794959,0.048509414225941426,0.20304054054054055,0.2677165354330709,0.009286727718302593,0.012962962962962963,1.511002444987775
7,"Chiapas",2018,1.2894736842105263,0.31308121512709236,0.00247275093541565,0.0198180636777128,0.16933638443935928,0,2.321766561514196,0.22187359928283282,0.12987654320987654,0.2733976176971072,0.03931203931203931,0.19010998098073265,0.5630841121495327,1.3130990415335464,0.1409390703517588,0.08726287262872628,1.9574468085106382
8,"Chihuahua",2018,1.3779264214046822,0.1921373200442968,0.003389830508474576,0.03367875647668394,0.2949526813880126,0,2.3829867674858223,0.169935170178282,0.08821170809943865,0.16167059616032334,0.022992571630703926,0.10937811441100259,0.8006239364719229,1.1560975609756097,0.02147158942131448,0.07720588235294118,2.5918196994991654
9,"Ciudad de México",2018,0.22618466047874938,0.20053822386125786,6.604312437526774e-4,0.06559299507466188,0.17198648141194142,1.749475157452764e-4,1.5810942294738417,0.14153830014162572,0.07112350350749076,0.1449549449326955,0.03076002905113855,0.12917271407837447,0.4293654642444138,1.2980349344978166,0.004322509198728254,0.010995216582513952,2.3833528722157094
10,"Durango",2018,0.7707509881422925,0.08625592417061612,0.0010543973160795591,0.011455525606469003,0.07725321888412018,3.897116134060795e-4,1.7478474784747848,0.05682574916759157,0.035462015280380565,0.06505102040816327,0.015456277789540547,0.04290532943557455,0.3821113477334956,0.6764705882352942,0.009198160367926415,0.011746031746031746,2.309664694280079
11,"Guanajuato",2018,0.1628619153674833,0.0947113722779122,5.067489749850278e-4,0.01385918384806228,0.061238938053097346,1.1466574934067194e-4,1.371603856266433,0.06542331494969056,0.034601747499050275,0.07857432158768732,0.010603588907014683,0.03702253390765726,0.36162212194839755,0.4760508308895406,0.006140544112787752,0.023619751166407466,1.2573385518590998
12,"Guerrero",2018,0.6441947565543071,0.19832155477031801,0.0013554309654365104,0.017474633596392335,0.225,6.949270326615705e-4,2.719309462915601,0.13290842628175087,0.08335873209387382,0.176056338028169,0.031322505800464036,0.10702859912748425,0.708893154190659,0.6240601503759399,0.058651399491094144,0.06138841078600115,2.576976421636616
13,"Hidalgo",2018,0.49427480916030536,0.09304029304029304,0.0015787518573551263,0.013973486205661053,0.048261758691206545,5.305039787798408e-4,0.8821497120921306,0.09307141258115066,0.047984836392657625,0.0725604670558799,0.011172498465316144,0.08056320783593511,0.22692048517520216,0.7471910112359551,0.006144,0.03484688489968321,0.900405588102749
14,"Jalisco",2018,0.6551141166525782,0.2433522831468916,0.0014732965009208103,0.050666666666666665,0.12408088235294118,3.262642740619902e-4,2.0728266619643803,0.14003425108681333,0.09221955276289041,0.19978517722878625,0.02698066126013724,0.12884324324324326,0.7809089818923133,1.691566265060241,0.005209809264305177,0.03672632363907532,3.211781888997079
15,"Estado de México",2018,0.2953100158982512,0.10526721678105962,6.322089380294749e-4,0.033098909607071424,0.08045384218669417,0,1.4664734152109238,0.1077911925649266,0.045930620413609076,0.10107916632342039,0.024933647340286344,0.06858058819012516,0.4834250726699239,0.7355102040816327,0.004311679122628576,0.023264621544121625,1.26658989491867
16,"Michoacán de Ocampo",2018,0.6845878136200717,0.18612975391498882,0.0014806323733104075,0.02111145606954362,0.1445477599323753,5.88235294117647e-4,2.2436241610738255,0.12239484653277757,0.07836169814849449,0.12866043613707165,0.032872981910134214,0.14838471932195063,0.643989700501423,0.6683417085427136,0.025412087912087912,0.05224706663714855,2.1305774278215224
17,"Morelos",2018,0.22720478325859492,0.1162280701754386,2.722781905169396e-4,0.024493243243243243,0.18360655737704917,0,2.620404411764706,0.13511259382819016,0.04807245703669299,0.14174894217207334,0.024855907780979826,0.06878372511319233,0.521414452009664,0.3546666666666667,0.008519583978756361,0.04278661546900713,1.4744744744744744
18,"Nayarit",2018,1.088235294117647,0.20624303232998886,0.0038182512409316535,0.03264925373134328,0.07584269662921349,0,2.396039603960396,0.12916565312576014,0.05163129553373456,0.15375722543352602,0.027662517289073305,0.10166045408336158,0.4586340921710161,1.1886792452830188,0.01078107810781078,0.04320337197049526,3.0761245674740483
19,"Nuevo León",2018,1.0666666666666667,0.28674157303370784,0.002792296126584091,0.08508202975963373,0.20550458715596331,0,4.11984473556526,0.2311401020986954,0.16264314453729495,0.31588366890380315,0.049379932356257046,0.26871670249556034,1.0725900116144018,2.606382978723404,0.008587257617728532,0.03806146572104019,7.154434250764526
20,"Oaxaca",2018,0.37028824833702884,0.1544477028347996,0.0014742618452844097,0.025449758666081616,0.2865013774104683,5.173305742369374e-4,2.9379496402877696,0.21366120218579235,0.1043342849727485,0.1963688485427616,0.07418803418803419,0.1325762952448545,0.7469250210614996,0.7195767195767195,0.12398568019093079,0.1574468085106383,1.5353645266594125
21,"Puebla",2018,0.6339712918660287,0.07673133196055056,7.957107402004433e-4,0.010530934620447565,0.13243243243243244,3.264240248082259e-4,1.7942998760842628,0.1378133951272891,0.053482158248577834,0.11724137931034483,0.027998088867654085,0.05249368837231458,0.4723938100999809,1.285140562248996,0.040913200723327305,0.05094377917596915,1.3960526315789474
22,"Querétaro",2018,0.24134199134199133,0.36143187066974597,5.881820649714958e-4,0.051196438508625486,0.05688282138794084,0,1.5884315906562847,0.10581197962977933,0.06414163401538238,0.13390928725701945,0.032066508313539195,0.07937562271670541,0.34881034881034884,0.7815533980582524,0.014369215781782758,0.03391267486222976,0.9770942408376964
23,"Quintana Roo",2018,0.7664670658682635,0.16274201988487702,0.002313475997686524,0.02382782475019216,0.10826210826210826,0,2.5043630017452005,0.12028576175444426,0.045366421093447074,0.13532934131736526,0.020558002936857563,0.048146768485751536,0.4545032497678737,2.9545454545454546,0.02817265443266994,0.045201668984700974,2.128767123287671
24,"San Luis Potosí",2018,0.28440366972477066,0.11328762650995756,9.112309211025895e-4,0.03588785046728972,0.09650924024640657,3.2776138970829236e-4,1.8057935536515708,0.12892976588628763,0.06081315880922043,0.13964548205793342,0.02753755120619026,0.08576854098533601,0.48801049082053205,0.8040816326530612,0.03527194399569197,0.025167444692510657,1.5292418772563177
25,"Sinaloa",2018,0.47377326565143824,0.1251328374070138,9.731499093201221e-4,0.01782178217821782,0.07470288624787776,2.0479213598197828e-4,1.598629642985936,0.07547615299858335,0.04977524394255016,0.1421031262687779,0.013814274750575594,0.05466237942122187,0.27489421720733426,0.5910931174089069,0.004641697535098551,0.02316707549741074,1.4150174621653084
26,"Sonora",2018,0.5461689587426326,0.12792825768667643,0.0011907799608743728,0.023892100192678227,0.09912854030501089,0,1.068818514007308,0.0704485635885087,0.04772823779193206,0.1294191919191919,0.01232549364859766,0.07709794251367805,0.35587254538718044,0.6857142857142857,0.006562177992298932,0.02873239436619718,2.053627760252366
27,"Tabasco",2018,0.8501945525291829,0.12972620599739243,8.864125617323034e-4,0.01015228426395939,0.09198813056379822,0,1.7396280400572246,0.06960859554873369,0.05278753292361721,0.139198949441891,0.02440570522979398,0.05065746928217288,0.41520629225886574,0.6563380281690141,0.03249475890985325,0.027793533749290982,1.197090909090909
28,"Tamaulipas",2018,0.6903114186851211,0.12508101101749838,0.0016891891891891893,0.028389734272087214,0.06503541532517708,2.5621316935690495e-4,1.4242583355211342,0.08117761110260728,0.060915849949307196,0.13869511694706607,0.00958970623937849,0.06245257246926696,0.35369068541300525,0.8925233644859814,0.019222875906416748,0.00977859778597786,1.9647318148420279
29,"Tlaxcala",2018,0.35772357723577236,0.08340080971659919,3.8784744667097606e-4,0.02225886232481451,0.08502024291497975,0,1.9080188679245282,0.10834697217675941,0.06117127958283193,0.09570661896243292,0.031413612565445025,0.06751006325474411,0.5027988146196904,0.3633720930232558,0.030083443126921388,0.03645401822700911,0.7794117647058824
30,"Veracruz de Ignacio de la Llave",2018,0.5499316005471956,0.13953056869839503,0.0011637209978907557,0.02509855453350854,0.172562893081761,0,2.178308026030369,0.1279319757470348,0.07366568914956012,0.16263904871499807,0.020070838252656435,0.10250517645452684,0.5366791243993593,0.8898305084745762,0.02313335270191749,0.03309381641534258,2.0674768148385034
31,"Yucatán",2018,1.0833333333333333,1.1446078431372548,0.011093502377179081,0.19829059829059828,0.364,0.0020964360587002098,5.623718887262079,0.4777777777777778,0.2938864628820961,0.5711297071129707,0.11904761904761904,0.45574202040144784,1.0140243902439023,1.975609756097561,0.12172367836517103,0.08522727272727272,3.7417840375586855
32,"Zacatecas",2018,0.44516129032258067,0.05880204528853177,0.0010883084577114428,0.011156186612576065,0.05422794117647059,0,0.8395239812477461,0.04220720990016141,0.018856447688564478,0.055487053020961775,0.0075341251551143415,0.02879755888242586,0.20555085939701323,0.3686274509803922,0.006300275637059122,0.02995319812792512,0.9933938893476466
